Fecha_Ocurrencia,Codigo_Accidente,Direccion,Barrio,Vehiculos Involucrados,Heridos,Tipo_accidente,Muertes SI/NO,# Muertes,Clase de Accidente
45352,A001602262,CALLE 14A CARRERA 34   BACHUE,BACHUE,2,2,HERIDOS,0,0,CHOQUE
45444,A001602263,CALLE 14 CARRERA  28   SAN JOS√â,SAN JOS√â,2,3,HERIDOS,0,0,CHOQUE
45536,A001602264,KILOMETRO 7+800 MTS,No registra,1,1,HERIDOS,0,0,CHOQUE
45627,A001602265,AVENIDA 23 N. 24 - 07   LA TIZA,LA TIZA,2,2,HERIDOS,0,0,CHOQUE
45627,A001602266,KILOMETRO 3+500 MTS VIA CHICHIMENE ESTACION ACACIAS,No registra,2,1,HERIDOS,0,0,CHOQUE
01/15/2024 12:00:00 AM,A001602267,CALLE 13 N.22+48  -  COOPERATIVO,COOPERATIVO,1,1,HERIDOS,0,0,CHOQUE
01/17/2024 12:00:00 AM,A001602268,CALLE 18 N 21-56 -  MANCERA,MANCERA,2,1,HERIDOS,0,0,CHOQUE
01/27/2024 12:00:00 AM,A001602270,CALLE 10 N 23 -01  -  DORADO,DORADO,2,1,HERIDOS,0,0,CHOQUE
01/26/2021 12:00:00 AM,A001602269,DIAGONAL 15 CARRERA 31 - VILLA DEL SOL  VEREDA,No registra,1,0,MUERTOS,1,1,CHOQUE
45475,A001602271,AVENIDA 23 CARRERA  27 -,No registra,2,1,HERIDOS,0,0,CHOQUE
45628,A001602273,CALLE 11 CARRERA 23  -  DORADO,DORADO,2,1,HERIDOS,0,0,CHOQUE
45628,A001602272,AVENIDA 23 N. 5A-93 -  PABLO EMILIO RIVEROS,PABLO EMILIO RIVEROS,2,1,HERIDOS,0,0,CHOQUE
02/14/2024 12:00:00 AM,A001602274,CALLE 18 CARRERA 14 -  SAN CRISTOBAL LOMA DE TIGRE,SAN CRISTOBAL,2,3,HERIDOS,0,0,CHOQUE
02/15/2024 12:00:00 AM,A001602275,KILOMETRO 1+200 MTS   -,No registra,2,1,HERIDOS,0,0,CHOQUE
02/15/2024 12:00:00 AM,A001602276,CARRERA 23 N.17 -76  -  MANCERA,MANCERA,2,3,HERIDOS,0,0,CHOQUE
02/18/2024 12:00:00 AM,A001602278,CALLE 18 N-4-01  -  POPULAR,POPULAR,2,1,HERIDOS,0,0,CHOQUE
02/18/2024 12:00:00 AM,A001602277,CARRERA 23 N.16A-35  -  EL BOSQUE,EL BOSQUE,2,2,HERIDOS,0,0,CHOQUE
02/20/2024 12:00:00 AM,A001602279,CALLE 12 CARRERA 26 -  DORADO,DORADO,2,1,HERIDOS,0,0,CHOQUE
02/21/2024 12:00:00 AM,A001602280,CALLE 15 CARRERA 33 -,No registra,2,1,HERIDOS,0,0,CHOQUE
02/22/2024 12:00:00 AM,A001602281,KILOMETRO 3 VIA ANTIGUA GUAMAL  -,No registra,1,0,MUERTOS,1,1,CHOQUE
02/24/2024 12:00:00 AM,A001602282,CALLE 17 CARRERA 6 -  POPULAR,POPULAR,2,3,HERIDOS,0,0,CHOQUE
02/27/2024 12:00:00 AM,C-001587577,KILOMETRO 57+100 MTS VIA GRANADA -VILLAVICENCIO  -,No registra,2,0,MUERTOS,1,2,CHOQUE
45354,A0001602263,KILOMETRO KM 7 VIA ANTIGUA GUAMAL  -,No registra,2,2,HERIDOS,0,0,CHOQUE
45415,A0001602284,CALLE 15 CARRERA 47 -  COLINAS EL ROSARIO,COLINAS,2,1,HERIDOS,0,0,CHOQUE
45599,A0001602285,CARRERA 33 CALLE  14A -  BACHUE,BACHUE,2,3,HERIDOS,0,0,CHOQUE
03/23/2024 12:00:00 AM,A001602286,CALLE 13 N 19-70  -,No registra,1,1,MUERTOS,1,1,ATROPELLO
03/29/2024 12:00:00 AM,A0001651928,KILOMETRO 0+400 MTS VIA ANTIGUA GUAMAL  -,No registra,2,2,HERIDOS,0,0,CHOQUE
03/27/2024 12:00:00 AM,A0001602287,AVENIDA 23 CARRERA 27A -  VILLA LUCIA,VILLA LUCIA,2,1,HERIDOS,0,0,CHOQUE
03/30/2024 12:00:00 AM,A0001651929,CALLE 18 N 9-50  -  POPULAR,POPULAR,1,1,HERIDOS,0,0,ATROPELLO
45569,A0001651930,CALLE 14 CARRERA 41 -  COMCAJA RANCHO GRANDE,COMCAJA,2,2,HERIDOS,0,0,CHOQUE
45569,A0001651931,KILOMETRO 1 VIA ACACIAS -VILLAVICENCIO  -  VILLA MANUELA,VILLA MANUELA,2,3,HERIDOS,0,0,CHOQUE
45600,A001651932,CALLE 11 CRA 31 -  SAMAN BRISAS DEL GUAYURIBA,SAMAN,3,2,HERIDOS,0,0,CHOQUE
45600,A001651933,CALLE 19 N.22A  -  SIN INFORMACI√ìN DEL BARRIO RANCHO GRANDE,SIN INFORMACI√ìN DEL BARRIO,2,2,HERIDOS,0,0,CHOQUE
04/14/2024 12:00:00 AM,A001651934,CARRERA 15 6A -77  -  MALEC√ìN TURISTICO,MALEC√ìN TURISTICO,2,3,HERIDOS,0,0,CHOQUE
04/19/2024 12:00:00 AM,A001651935,CALLE 20 CARRERA 49 -  COLINAS,COLINAS,2,1,HERIDOS,0,0,CHOQUE
04/21/2024 12:00:00 AM,A001651936,CALLE 13 CARRERA 18 -  CENTRO,CENTRO,2,3,HERIDOS,0,0,CHOQUE
04/25/2024 12:00:00 AM,A001651937,CALLE 14 CARRERA 12 -  JUAN MELLAO,JUAN MELLAO,2,1,HERIDOS,0,0,CHOQUE
04/27/2024 12:00:00 AM,A001651938,CALLE 12 CARRERA 25 -  DORADO BAJO,DORADO BAJO,2,1,HERIDOS,0,0,CHOQUE
04/28/2024 12:00:00 AM,A001651939,CARRERA 36 N. 9-82  -  INDEPENDENCIA,INDEPENDENCIA,1,2,HERIDOS,0,0,ATROPELLO
04/29/2024 12:00:00 AM,A001651940,CALLE 15 CARRERA 22 -  COOPERATIVO,COOPERATIVO,3,2,HERIDOS,0,0,CHOQUE
45448,A001651941,CALLE 19 CARRERA 18A -  MANCERA,MANCERA,2,2,HERIDOS,0,0,CHOQUE
45478,A001651942,CARRERA 31 CALLE  16C -  BACHUE,BACHUE,2,3,HERIDOS,0,0,CHOQUE
45601,A001651943,CALLE 15 N.21-76  -  SIN INFORMACI√ìN DEL BARRIO,SIN INFORMACI√ìN DEL BARRIO,1,1,HERIDOS,0,0,ATROPELLO
05/22/2024 12:00:00 AM,A001651944,DIAGONAL 15 CARRERA 30 -  ASOCIACI√ìN DE AMIGOS,ASOCIACI√ìN DE AMIGOS,2,1,HERIDOS,0,0,CHOQUE
05/22/2024 12:00:00 AM,A001651945,KILOMETRO 1 VIA VEREDA ESMERALDA  -,No registra,1,1,HERIDOS,0,0,CHOQUE
05/26/2024 12:00:00 AM,A001651946,DIAGONAL 15 CARRERA 41 - VILLA AURORA,No registra,2,3,HERIDOS,0,0,CHOQUE
05/26/2024 12:00:00 AM,A001651947,KILOMETRO 26 + 645  -  V√çA GRANADA-VILLAVICENCIO,V√çA GRANADA-VILLAVICENCIO,1,1,HERIDOS,0,0,CHOQUE
05/27/2024 12:00:00 AM,A001651948,KILOMETRO 19 VIA VAQUEROS CLUB -,No registra,3,0,MUERTOS,1,1,CHOQUE
45297,A001651949,KILOMETRO 2+200 MTS  VIA  ACACIAS  ANTIGUA GUAMAL -  V√çA ANTIGUA GUAMAL,V√çA ANTIGUA GUAMAL,2,1,HERIDOS,0,0,CHOQUE
45510,A001651952,KILOMETRO 00+900 MTS VIA ANTIGUA  GUAMAL -,No registra,2,1,HERIDOS,0,0,CHOQUE
45541,A001651951,CALLE 13 CARRERA 21 -  COOPERATIVO,COOPERATIVO,2,2,HERIDOS,0,0,CHOQUE
45479,A001651952,CARRERA 23 CALLE 5 -  PABLO EMILIO RIVEROS,PABLO EMILIO RIVEROS,2,2,HERIDOS,0,0,CHOQUE
06/16/2024 12:00:00 AM,A001651953,CALLE 14 CARRERA 45A -  CIMARRON,CIMARRON,1,0,MUERTOS,1,1,CHOQUE
06/19/2024 12:00:00 AM,A001651954,KILOMETRO 26+500 MTS VIA VILLAVICENCIO  GRANADA -,No registra,2,0,MUERTOS,1,1,CHOQUE
06/20/2024 12:00:00 AM,A001651955,CARRERA 23 +18-35   -  MANCERA ESMERALDA,MANCERA,2,1,HERIDOS,0,0,CHOQUE
06/20/2024 12:00:00 AM,A001651956,CALLE 14 CARRERA 26 -  SIN INFORMACI√ìN DEL BARRIO,SIN INFORMACI√ìN DEL BARRIO,2,1,HERIDOS,0,0,CHOQUE
06/21/2024 12:00:00 AM,A001651957,CALLE 20 48  -  BRISAS DE LA COLINA,BRISAS DE LA COLINA,2,2,HERIDOS,0,0,CHOQUE
06/22/2024 12:00:00 AM,A001651958,CALLE 23 N 19-16  - ARAGUANEY  LA PRIMAVERA,No registra,2,1,HERIDOS,0,0,CHOQUE
06/24/2024 12:00:00 AM,A001651959,KILOMETRO 10+100 MTS VIA ACACIAS  CHCICHIMENE -,No registra,2,2,HERIDOS,0,0,CHOQUE
06/25/2024 12:00:00 AM,A001651960,CALLE 18 N.9-50  - PALERMO  RANCHO GRANDE,No registra,2,1,HERIDOS,0,0,CHOQUE
06/27/2024 12:00:00 AM,A001651961,CALLE 13 CARRERA  15 -  CENTRO,CENTRO,2,2,HERIDOS,0,0,CHOQUE
06/27/2024 12:00:00 AM,A001651962,DIAGONAL 15 N 23 -17  -  SAN JOS√â,SAN JOS√â,1,3,HERIDOS,0,0,ATROPELLO
45358,A001651963,KILOMETRO 4 VIA ACACIAS  DINAMARCA -,No registra,2,1,HERIDOS,0,0,CHOQUE
45480,A001651964,KILOMETRO 0+400 MTS ACACIAS  VEREDA RANCHO  GRANDE,No registra,2,1,HERIDOS,0,0,CHOQUE
45572,A001651965,CALLE 18 CARRERA  17 -  MANCERA,MANCERA,1,1,HERIDOS,0,0,CHOQUE
45572,A001651966,CARRERA 25 CALLE  10A - B/EVEREST,No registra,2,1,HERIDOS,0,0,CHOQUE
45572,C-001588138,KILOMETRO 53+200 MTS   -  V√çA GRANADA-VILLAVICENCIO,V√çA GRANADA-VILLAVICENCIO,1,1,HERIDOS,0,0,ATROPELLO
45603,A001651967,CALLE 16 CARRERA 33 -  BACHUE,BACHUE,2,1,HERIDOS,0,0,CHOQUE
07/13/2024 12:00:00 AM,A001651968,CARRERA 20 N 16A - 30  -  MANCERA SAN ISIDRO DE CHICHIMENE,MANCERA,1,0,MUERTOS,1,1,OTRO
07/14/2024 12:00:00 AM,A001651969,DIAGONAL 15 N-34 -01  - PRADOS CODEM,No registra,2,3,HERIDOS,0,0,CHOQUE
07/17/2024 12:00:00 AM,A001651970,KILOMETRO 1+200 MTS   -,No registra,2,2,HERIDOS,0,0,CHOQUE
07/16/2024 12:00:00 AM,A001651971,CARRERA 4 N. 18 - 96   -  POPULAR,POPULAR,2,2,HERIDOS,0,0,CHOQUE
07/20/2024 12:00:00 AM,A001651972,CALLE 11 CARRERA 25 -  SAMAN SANTA TERESITA,SAMAN,2,1,HERIDOS,0,0,CHOQUE
07/26/2024 12:00:00 AM,C001588150,KILOMETRO 45+500 MTS   -  V√çA GRANADA-VILLAVICENCIO,V√çA GRANADA-VILLAVICENCIO,2,2,HERIDOS,0,0,CHOQUE
45359,A001651973,CALLE 16A N.41 -33  -  BALCONES DE SAN DIEGO,BALCONES DE SAN DIEGO,1,1,HERIDOS,0,0,ATROPELLO
45543,A001651974,CALLE 15 CARRERA 15 -  SIN INFORMACI√ìN DEL BARRIO,SIN INFORMACI√ìN DEL BARRIO,2,1,HERIDOS,0,0,CHOQUE
45573,A001651975,CALLE 14 CARRERA 30 - BANCARIIOS,No registra,2,3,HERIDOS,0,0,CHOQUE
45573,A001651976,AVENIDA 23 N. 28-65  -  VILLA LUCIA,VILLA LUCIA,2,2,HERIDOS,0,0,CHOQUE
45634,A001651977,CALLE 14 CRA 36 -  SIN INFORMACI√ìN DEL BARRIO,SIN INFORMACI√ìN DEL BARRIO,2,2,HERIDOS,0,0,CHOQUE
08/18/2024 12:00:00 AM,A001651980,CARRERA 17 CALLE  17 -  SIN INFORMACI√ìN DEL BARRIO,SIN INFORMACI√ìN DEL BARRIO,2,1,HERIDOS,0,0,CHOQUE
08/17/2024 12:00:00 AM,A001651978,DIAGONAL 8 N.18-127  - BARR/LAS FERIAS,No registra,2,2,HERIDOS,0,0,CHOQUE
08/17/2024 12:00:00 AM,A001651979,CARRERA 23 FRENTE ALA ESTACION PRIMAX  -,No registra,2,2,HERIDOS,0,0,CHOQUE
08/18/2024 12:00:00 AM,A001651983,KILOMETRO 15 VIA VAQUEROS -CHICHIMENE  -,No registra,2,0,MUERTOS,1,1,CHOQUE
08/20/2024 12:00:00 AM,A001651981,CALLE 13 CARRERA 25 -  SAN JOS√â,SAN JOS√â,2,1,HERIDOS,0,0,CHOQUE
08/24/2024 12:00:00 AM,A001651984,CALLE 16 CARRERA 31 -  SIN INFORMACI√ìN DEL BARRIO,SIN INFORMACI√ìN DEL BARRIO,2,1,HERIDOS,0,0,CHOQUE
08/23/2024 12:00:00 AM,A001651982,CARRERA 30 N-22A-20  -  LA ORQUIDEA REAL,LA ORQUIDEA REAL,2,1,HERIDOS,0,0,CHOQUE
08/29/2024 12:00:00 AM,A001651985,KILOMETRO 27+200 MTS   -  V√çA GRANADA-VILLAVICENCIO,V√çA GRANADA-VILLAVICENCIO,2,2,HERIDOS,0,0,CHOQUE
45482,A001651987,CARRERA 23 N 11-05  - DORADO ALTO,No registra,2,1,HERIDOS,0,0,CHOQUE
45421,A001651986,CALLE 14 N.15-56  -  SIN INFORMACI√ìN DEL BARRIO,SIN INFORMACI√ìN DEL BARRIO,3,3,HERIDOS,0,0,CHOQUE
45482,C-001588180,KILOMETRO 56+210 MTS   -  V√çA GRANADA-VILLAVICENCIO,V√çA GRANADA-VILLAVICENCIO,1,1,HERIDOS,0,0,ATROPELLO
45605,C-001588186,KILOMETRO 46+650 MTS   -  V√çA GRANADA-VILLAVICENCIO,V√çA GRANADA-VILLAVICENCIO,2,2,HERIDOS,0,0,CHOQUE
09/15/2024 12:00:00 AM,A001651988,CARRERA 23 N 25-39  -  VILLA MAGALY,VILLA MAGALY,2,2,HERIDOS,0,0,CHOQUE
09/15/2024 12:00:00 AM,A001651989,CARRERA 47 CALLE 18 -  SIN INFORMACI√ìN DEL BARRIO SANTA ROSA,SIN INFORMACI√ìN DEL BARRIO,2,2,HERIDOS,0,0,CHOQUE
09/22/2024 12:00:00 AM,A001651990,KILOMETRO 8+200 MTS VIA ESMERALDA -CHICHIMENE  -,No registra,2,1,HERIDOS,0,0,CHOQUE
09/25/2024 12:00:00 AM,A001651991,DIAGONAL 15 CARRERA 21 -  COOPERATIVO,COOPERATIVO,2,1,HERIDOS,0,0,CHOQUE
09/26/2024 12:00:00 AM,A001651992,CALLE 14 N 30 - 10  -  BACHUE,BACHUE,2,2,HERIDOS,0,0,CHOQUE
09/30/2024 12:00:00 AM,C-001589283,KILOMETRO 53+850 MTS   -  V√çA GRANADA-VILLAVICENCIO,V√çA GRANADA-VILLAVICENCIO,2,2,HERIDOS,0,0,CHOQUE
45453,A001651983,CARRERA 23 N.14-89  -  COOPERATIVO,COOPERATIVO,2,2,HERIDOS,0,0,CHOQUE
45545,A001651994,CALLE 17 CARRERA 19 -  MANCERA,MANCERA,2,2,HERIDOS,0,0,CHOQUE
10/13/2024 12:00:00 AM,A001651996,CALLE 19 N.20 -36  -  MANCERA,MANCERA,2,2,HERIDOS,0,0,CHOQUE
10/14/2024 12:00:00 AM,A001651997,KILOMETRO 1+900 MTS   - VIA,No registra,3,4,HERIDOS,0,0,CHOQUE
10/13/2024 12:00:00 AM,A001651995,CALLE 14 CARRERA 29 - BANCARIOS,No registra,2,2,HERIDOS,0,0,CHOQUE
45606,C-001589297,KILOMETRO 44+700 MTS   -  V√çA GRANADA-VILLAVICENCIO,V√çA GRANADA-VILLAVICENCIO,3,1,HERIDOS,0,0,CHOQUE
10/16/2024 12:00:00 AM,A001651999,CALLE 16 CRA 42 -  SIN INFORMACI√ìN DEL BARRIO ESMERALDA,SIN INFORMACI√ìN DEL BARRIO,2,2,HERIDOS,0,0,CHOQUE
10/16/2024 12:00:00 AM,A001651998,AVENIDA 23 N.29A-37  -  SIN INFORMACI√ìN DEL BARRIO,SIN INFORMACI√ìN DEL BARRIO,2,1,HERIDOS,0,0,CHOQUE
10/17/2024 12:00:00 AM,A001652000,CALLE 18 CARRERA 14 -  SIN INFORMACI√ìN DEL BARRIO,SIN INFORMACI√ìN DEL BARRIO,2,2,HERIDOS,0,0,CHOQUE
10/19/2024 12:00:00 AM,C-001589305,KILOMETRO 44+500 MTS   -  V√çA GRANADA-VILLAVICENCIO,V√çA GRANADA-VILLAVICENCIO,2,1,MUERTOS,1,1,CHOQUE
10/18/2024 12:00:00 AM,A001652001,CARRERA 31 N. 14-10       -  BACHUE,BACHUE,2,1,HERIDOS,0,0,CHOQUE
10/22/2024 12:00:00 AM,C-001589308,KILOMETRO 46+630 MTS   -,No registra,2,1,HERIDOS,0,0,CHOQUE
10/25/2024 12:00:00 AM,A001652003,CALLE 10 N. 23-24  -  SIN INFORMACI√ìN DEL BARRIO,SIN INFORMACI√ìN DEL BARRIO,2,1,HERIDOS,0,0,CHOQUE
10/25/2024 12:00:00 AM,A001652002,AVENIDA 23 N .27A - 55  -  VILLA LUCIA RANCHO GRANDE,VILLA LUCIA,2,1,HERIDOS,0,0,CHOQUE
10/27/2024 12:00:00 AM,A001652004,AVENIDA 23 N.29A-50  -  ASOCIACI√ìN DE AMIGOS,ASOCIACI√ìN DE AMIGOS,2,1,HERIDOS,0,0,CHOQUE
10/31/2024 12:00:00 AM,A001652005,CARRERA 18 N.13-69  -  SIN INFORMACI√ìN DEL BARRIO,SIN INFORMACI√ìN DEL BARRIO,1,1,HERIDOS,0,0,ATROPELLO
45302,A001652006,CALLE 14 N.21-11  -  COOPERATIVO,COOPERATIVO,2,0,MUERTOS,1,1,CHOQUE
45333,A001652007,KILOMETRO 5 CAMELLON 10  -,No registra,2,1,HERIDOS,0,0,CHOQUE
45454,A001652008,AVENIDA 23 CARRERA 18 -  PABLO EMILIO RIVEROS,PABLO EMILIO RIVEROS,2,3,HERIDOS,0,0,CHOQUE
45454,A001652009,CALLE 14 CRA 42 -  SIN INFORMACI√ìN DEL BARRIO,SIN INFORMACI√ìN DEL BARRIO,2,2,HERIDOS,0,0,CHOQUE
45515,A001652010,CALLE 20 CARRERA 49 -  BRISAS DE LA COLINA,BRISAS DE LA COLINA,2,2,HERIDOS,0,0,CHOQUE
45576,A001652011,CALLE 16 N.29-31  -  SIN INFORMACI√ìN DEL BARRIO EL CENTRO,SIN INFORMACI√ìN DEL BARRIO,2,1,HERIDOS,0,0,CHOQUE
45637,C-001589323,KILOMETRO 56+010 MTS   -  V√çA GRANADA-VILLAVICENCIO,V√çA GRANADA-VILLAVICENCIO,2,2,HERIDOS,0,0,CHOQUE
11/15/2024 12:00:00 AM,A001652012,AVENIDA 23 CARRERA 27A -  VILLA LUCIA,VILLA LUCIA,2,1,HERIDOS,0,0,CHOQUE
11/16/2024 12:00:00 AM,C-001589325,KILOMETRO 48+020 MTS   -  V√çA GRANADA-VILLAVICENCIO,V√çA GRANADA-VILLAVICENCIO,2,1,HERIDOS,0,0,CHOQUE
11/20/2024 12:00:00 AM,A001652013,AVENIDA 23 CARRERA 42 ENTRADA ENS  V√çA PRINCIPAL-AVENIDA 23,V√çA PRINCIPAL-AVENIDA 23,2,3,HERIDOS,0,0,CHOQUE
11/21/2024 12:00:00 AM,A001652014,CALLE 15 CARRERA 21 -  SIN INFORMACI√ìN DEL BARRIO,SIN INFORMACI√ìN DEL BARRIO,2,1,HERIDOS,0,0,CHOQUE
11/22/2024 12:00:00 AM,A001652015,AVENIDA 23 N:34-40  -  SIN INFORMACI√ìN DEL BARRIO ESMERALDA,SIN INFORMACI√ìN DEL BARRIO,2,1,HERIDOS,0,0,CHOQUE
11/24/2024 12:00:00 AM,A001652016,CALLE 14 CARRERA 31 -  SIN INFORMACI√ìN DEL BARRIO,SIN INFORMACI√ìN DEL BARRIO,2,2,HERIDOS,0,0,CHOQUE
11/28/2024 12:00:00 AM,A001652017,KILOMETRO 4+100 MTS VIA ANTIGUA GUAMAL  -,No registra,2,0,MUERTOS,1,1,CHOQUE
45303,A001652018,KILOMETRO 23 VIA  CHICHIMENE VIA SAN CARLOS  DE GUAROA -,No registra,1,0,MUERTOS,1,1,CHOQUE
45303,A001652019,CARRERA  50 N-15A-17  -  SIN INFORMACI√ìN DEL BARRIO,SIN INFORMACI√ìN DEL BARRIO,2,3,HERIDOS,0,0,CHOQUE
45424,A001652020,DIAGONAL 15 CARRERA 42 - VILLA COLONIAL,No registra,2,3,HERIDOS,0,0,CHOQUE
45485,A001652022,CALLE 14 N.33 -05  -,No registra,2,2,HERIDOS,0,0,CHOQUE
45424,A001652021,KILOMETRO 0+500 MTS   - VEREDA EL PLAYON  EL CENTRO,No registra,1,0,MUERTOS,1,1,CHOQUE
45547,A001704772,CARRERA 31 CALLE 16C  -  BACHUE,BACHUE,2,2,HERIDOS,0,0,CHOQUE
45455,A001652023,CARRERA 47 N: 18 -35       -  COLINAS,COLINAS,1,1,HERIDOS,0,0,ATROPELLO
45608,A001704771,CALLE 16 CARRERA 6 -  POPULAR,POPULAR,2,3,HERIDOS,0,0,CHOQUE
45608,A001704770,DIAGONAL 15 N. 29B-03  -,No registra,2,1,HERIDOS,0,0,CHOQUE
12/14/2024 12:00:00 AM,A001704706,CALLE 14 CARRERA 40-15 -  INDEPENDENCIA RANCHO GRANDE,INDEPENDENCIA,2,2,HERIDOS,0,0,CHOQUE
12/16/2024 12:00:00 AM,A001704711,KILOMETRO 4 VIA GRAVICOL  -,No registra,1,0,DA—OS MATERIALES,0,0,CHOQUE
12/14/2024 12:00:00 AM,A001704707,CALLE 15 CARRERA 19 -  CENTRO,CENTRO,2,1,HERIDOS,0,0,CHOQUE
12/14/2024 12:00:00 AM,A001704708,CALLE 18 CARRERA 12 -  VILLA TERESA,VILLA TERESA,2,3,HERIDOS,0,0,CHOQUE
12/18/2024 12:00:00 AM,A001704709,CALLE 10A CARRERA  27 -  SIN INFORMACI√ìN DEL BARRIO,SIN INFORMACI√ìN DEL BARRIO,2,3,HERIDOS,0,0,CHOQUE
12/18/2024 12:00:00 AM,A001704710,CALLE 17 N.16 -03  -  SAN CRISTOBAL,SAN CRISTOBAL,2,1,HERIDOS,0,0,CHOQUE
12/21/2024 12:00:00 AM,A001704712,CALLE 15 N. 20 -04  -  COOPERATIVO,COOPERATIVO,2,1,HERIDOS,0,0,CHOQUE
12/23/2024 12:00:00 AM,A001704713,CARRERA 14 N.19 -87  -  SIN INFORMACI√ìN DEL BARRIO,SIN INFORMACI√ìN DEL BARRIO,2,2,HERIDOS,0,0,CHOQUE
12/22/2024 12:00:00 AM,C-001589342,KILOMETRO 47+260   - CODESOLA V√çA GRANADA-VILLAVICENCIO,V√çA GRANADA-VILLAVICENCIO,3,3,MUERTOS,1,3,CHOQUE
44927,A001456884,CARRERA 14 CALL 6  VIA LA ESMERALDA  SIN INFORMACI√ìN DEL BARRIO,SIN INFORMACI√ìN DEL BARRIO,1,1,HERIDOS,0,0,ATROPELLO
44562,A001456885,AVENIDA 23 N: 28-19 -  VILLA LUCIA,VILLA LUCIA,2,2,HERIDOS,0,0,CHOQUE
44958,A001456886,KILOMETRO 26+800 MTS   -  V√çA GRANADA-VILLAVICENCIO,V√çA GRANADA-VILLAVICENCIO,2,1,HERIDOS,0,0,CHOQUE
45139,A001456887,CALLE 13 CARRERA 15 -  CENTRO,CENTRO,2,1,HERIDOS,0,0,CHOQUE
45200,A001456888,CALLE 13 CARRERA 21 -  SIN INFORMACI√ìN DEL BARRIO,SIN INFORMACI√ìN DEL BARRIO,2,1,HERIDOS,0,0,CHOQUE
44927,A001456889,CALLE 16A N 27-33 -  SIN INFORMACI√ìN DEL BARRIO,SIN INFORMACI√ìN DEL BARRIO,2,1,HERIDOS,0,0,CHOQUE
01/15/2023 12:00:00 AM,A001456890,DIAGONAL 6 N 29A-97  BARRIO PANORAMA,No registra,1,2,HERIDOS,0,0,CHOQUE
01/19/2023 12:00:00 AM,A001456891,AVENIDA 23 CARRERA  30 -  LA ORQUIDEA REAL,LA ORQUIDEA REAL,2,1,HERIDOS,0,0,CHOQUE
01/20/2023 12:00:00 AM,A001456892,CARRERA 31 # 16F -80  -  BACHUE,BACHUE,2,1,HERIDOS,0,0,CHOQUE
01/20/2023 12:00:00 AM,A001456893,CARRERA 23 N 12-20 -  DORADO,DORADO,1,1,HERIDOS,0,0,ATROPELLO
01/28/2023 12:00:00 AM,A001456894,CALLE 14 N 24-20 -  SAN JOS√â,SAN JOS√â,2,3,HERIDOS,0,0,CHOQUE
01/14/2023 12:00:00 AM,C-001565422,KILOMETRO 45+500 MTS   SECTOR VAQUEROS   V√çA GRANADA-VILLAVICENCIO,V√çA GRANADA-VILLAVICENCIO,2,1,HERIDOS,0,0,CHOQUE
01/24/2023 12:00:00 AM,C-001565432,KILOMETRO 56+500 MTS   SECTOR GUAYURIBA  V√çA GRANADA-VILLAVICENCIO,V√çA GRANADA-VILLAVICENCIO,1,2,HERIDOS,0,0,ATROPELLO
01/27/2023 12:00:00 AM,C-001565437,KILOMETRO 45+700 MTS   SECTOR CHICHIMENE  V√çA GRANADA-VILLAVICENCIO,V√çA GRANADA-VILLAVICENCIO,2,1,MUERTOS,1,1,CHOQUE
44928,A001456895,CARRERA 36 CALLE 12A-152 -  INDEPENDENCIA,INDEPENDENCIA,2,2,HERIDOS,0,0,CHOQUE
44959,A001456896,CARRERA 47 CALLE 16 INTERS -  COLINAS,COLINAS,2,1,HERIDOS,0,0,CHOQUE
45048,A001456899,CALLE 12 CARRERA  38 -  INDEPENDENCIA,INDEPENDENCIA,2,1,HERIDOS,0,0,CHOQUE
45018,A001456900,CALLE 18 CARRERA  19 -  MANCERA,MANCERA,2,1,HERIDOS,0,0,CHOQUE
45018,A001456897,CALLE 15 CARRERA 17  -  CENTRO,CENTRO,1,1,HERIDOS,0,0,ATROPELLO
45079,A001456898,CALLE 14 CARRERA 23 -  COOPERATIVO,COOPERATIVO,2,0,DA—OS MATERIALES,0,0,CHOQUE
45109,A001456902,CARRERA 14 CALLE  19 -  SAN CRISTOBAL,SAN CRISTOBAL,2,3,HERIDOS,0,0,CHOQUE
45079,A001456901,CALLE 16B CARRERA 31 -  BACHUE,BACHUE,2,2,HERIDOS,0,0,CHOQUE
45109,A001456903,CARRERA 23 CALLE  17 -  MANCERA,MANCERA,2,1,HERIDOS,0,0,CHOQUE
45171,A001456904,CALLE 14 N. 30-59 -  BACHUE,BACHUE,1,1,HERIDOS,0,0,ATROPELLO
45262,A001576685,CALLE 16 N. 17-73 -  SIN INFORMACI√ìN DEL BARRIO,SIN INFORMACI√ìN DEL BARRIO,1,2,HERIDOS,0,0,ATROPELLO
45232,A001576684,KILOMETRO 21 VIA ACACIAS /DINAMARCA  CA√ëO HONDO,No registra,1,1,HERIDOS,0,0,CHOQUE
45262,A001576686,KILOMETRO 21+400 MTS   VEREDA TRIUNFO   EL TRIUNFO,No registra,1,1,HERIDOS,0,0,CHOQUE
02/19/2023 12:00:00 AM,A001576688,KILOMETRO 6+900 MTS VIA ANTIGUA GUAMAL,No registra,2,2,HERIDOS,0,0,CHOQUE
02/21/2023 12:00:00 AM,A001576689,CALLE 13 CARRERA 21   SIN INFORMACI√ìN DEL BARRIO,SIN INFORMACI√ìN DEL BARRIO,2,1,HERIDOS,0,0,CHOQUE
02/22/2023 12:00:00 AM,A001576690,CALLE 18 N 44937   VILLA TERESA,VILLA TERESA,1,1,HERIDOS,0,0,ATROPELLO
02/18/2023 12:00:00 AM,A001576687,KILOMETRO 3+100 MTS VIA BAQUEOS CHICHIMENE     LOMA DE TIGRE,No registra,1,1,HERIDOS,0,0,CHOQUE
02/22/2023 12:00:00 AM,A001576691,CALLE 14 CARRERA  33   BACHUE,BACHUE,2,1,HERIDOS,0,0,CHOQUE
45018,C-001565444,KILOMETRO 53+700 MTS     V√çA GRANADA-VILLAVICENCIO,V√çA GRANADA-VILLAVICENCIO,2,1,HERIDOS,0,0,CHOQUE
45079,C-001565448,KILOMETRO 56+100 MTS     V√çA GRANADA-VILLAVICENCIO,V√çA GRANADA-VILLAVICENCIO,2,1,HERIDOS,0,0,CHOQUE
02/25/2023 12:00:00 AM,C-001566185,KILOMETRO 56+750 MTS     V√çA GRANADA-VILLAVICENCIO,V√çA GRANADA-VILLAVICENCIO,2,2,HERIDOS,0,0,CHOQUE
45233,A001576696,CALLE 15 CARR  28   BACHUE,BACHUE,2,2,HERIDOS,0,0,CHOQUE
45233,A001576694,CALLE 11 N.28A -27     LAS ACACIAS,LAS ACACIAS,1,1,HERIDOS,0,0,ATROPELLO
45202,A001576695,CALLE 15 CARRERA 32   BACHUE,BACHUE,2,1,HERIDOS,0,0,CHOQUE
45202,A001576693,CALLE 18 N 16-02    SAN CRISTOBAL,SAN CRISTOBAL,2,2,HERIDOS,0,0,CHOQUE
45049,A001576692,DIAGONAL 5 N: 17-203    SIN INFORMACI√ìN DEL BARRIO,SIN INFORMACI√ìN DEL BARRIO,2,2,HERIDOS,0,0,CHOQUE
03/14/2023 12:00:00 AM,A001576698,CALLE 14 CARRERA  21   SIN INFORMACI√ìN DEL BARRIO,SIN INFORMACI√ìN DEL BARRIO,2,1,HERIDOS,0,0,CHOQUE
03/14/2023 12:00:00 AM,A001576697,CALLE 14 CARRERA 20   SIN INFORMACI√ìN DEL BARRIO,SIN INFORMACI√ìN DEL BARRIO,1,1,HERIDOS,0,0,ATROPELLO
03/20/2023 12:00:00 AM,A001576702,CALLE 11 CARRERA 24   SIN INFORMACI√ìN DEL BARRIO,SIN INFORMACI√ìN DEL BARRIO,2,2,HERIDOS,0,0,CHOQUE
03/19/2023 12:00:00 AM,A001576701,CARRERA 36 N. 12A-146   INDEPENDENCIA,INDEPENDENCIA,2,2,HERIDOS,0,0,CHOQUE
03/17/2023 12:00:00 AM,A001576699,CALLE 14 CARRERA 33   SIN INFORMACI√ìN DEL BARRIO,SIN INFORMACI√ìN DEL BARRIO,2,3,HERIDOS,0,0,CHOQUE
03/17/2023 12:00:00 AM,A001576700,AVENIDA 23 N- 28B-05   VILLA DEL LLANO,VILLA DEL LLANO,2,1,HERIDOS,0,0,CHOQUE
03/22/2023 12:00:00 AM,A001576703,CALLE 15 CARRERA 22   SIN INFORMACI√ìN DEL BARRIO,SIN INFORMACI√ìN DEL BARRIO,2,2,HERIDOS,0,0,CHOQUE
03/24/2023 12:00:00 AM,A001576704,CARRERA 21 N 14-36   COOPERATIVO,COOPERATIVO,1,1,HERIDOS,0,0,ATROPELLO
03/28/2023 12:00:00 AM,A001576705,CALLE 14 N. 21-94   COOPERATIVO,COOPERATIVO,1,1,HERIDOS,0,0,ATROPELLO
45020,A001576706,AVENIDA 23 CARRERA 29A   SIN INFORMACI√ìN DEL BARRIO,SIN INFORMACI√ìN DEL BARRIO,2,2,HERIDOS,0,0,CHOQUE
45020,A0015767707,CARRERA 14 CALLE 18   SAN CRISTOBAL,SAN CRISTOBAL,2,1,HERIDOS,0,0,CHOQUE
45111,A001576708,CALLE 13 CARRERA  14   SIN INFORMACI√ìN DEL BARRIO,SIN INFORMACI√ìN DEL BARRIO,2,1,HERIDOS,0,0,CHOQUE
45234,A001576709,AVENIDA 23 FRENTE ALA ELECTRIFICADORA    SIN INFORMACI√ìN DEL BARRIO,SIN INFORMACI√ìN DEL BARRIO,2,1,HERIDOS,0,0,CHOQUE
45264,A001576710,CARRERA 23 N. 15-38   COOPERATIVO,COOPERATIVO,1,1,HERIDOS,0,0,ATROPELLO
04/13/2023 12:00:00 AM,A001576711,CALLE 14 CARRERA  34   BACHUE,BACHUE,2,1,HERIDOS,0,0,CHOQUE
04/17/2023 12:00:00 AM,A001576712,DIAGONAL 15 CARRERA 25   SIN INFORMACI√ìN DEL BARRIO,SIN INFORMACI√ìN DEL BARRIO,2,2,HERIDOS,0,0,CHOQUE
04/20/2023 12:00:00 AM,A001576714,KILOMETRO 4 VIA DINAMARACA     SANTA TERESITA,No registra,2,0,DA—OS MATERIALES,0,0,CHOQUE
04/19/2023 12:00:00 AM,A001576713,CARRERA 23 N 5-95   PABLO EMILIO RIVEROS,PABLO EMILIO RIVEROS,2,1,HERIDOS,0,0,CHOQUE
04/24/2023 12:00:00 AM,A001576715,CALLE 12 CARRERA 33   SIN INFORMACI√ìN DEL BARRIO,SIN INFORMACI√ìN DEL BARRIO,2,1,HERIDOS,0,0,CHOQUE
04/24/2023 12:00:00 AM,A001576716,AVENIDA 23 CARRERA 27A   SIN INFORMACI√ìN DEL BARRIO,SIN INFORMACI√ìN DEL BARRIO,2,1,HERIDOS,0,0,CHOQUE
44989,C.OO1566211,KILOMETRO 47+690 MTS     V√çA GRANADA-VILLAVICENCIO,V√çA GRANADA-VILLAVICENCIO,2,1,HERIDOS,0,0,CHOQUE
44961,C.001566210,KILOMETRO 47+690 MTS     V√çA GRANADA-VILLAVICENCIO EL CENTRO,V√çA GRANADA-VILLAVICENCIO,2,2,HERIDOS,0,0,CHOQUE
04/19/2023 12:00:00 AM,C.001566222,KILOMETRO 56+570 MTS     V√çA GRANADA-VILLAVICENCIO,V√çA GRANADA-VILLAVICENCIO,1,0,MUERTOS,1,1,CHOQUE
44990,A001576717,AVENIDA 23 FRENTE 29-15    SIN INFORMACI√ìN DEL BARRIO,SIN INFORMACI√ìN DEL BARRIO,2,2,HERIDOS,0,0,CHOQUE
45112,A001576721,DIAGONAL 15 N 29A-21    VILLA LUCIA,VILLA LUCIA,1,2,HERIDOS,0,0,ATROPELLO
45082,A001576719,CALLE 11 CARRERA 26   SIN INFORMACI√ìN DEL BARRIO,SIN INFORMACI√ìN DEL BARRIO,2,1,HERIDOS,0,0,CHOQUE
45112,A001576720,DIAGONAL 5 N 17-07    PABLO EMILIO RIVEROS,PABLO EMILIO RIVEROS,2,2,HERIDOS,0,0,ATROPELLO
45021,A001576718,CALLE 14 CARRERA  45251   COOPERATIVO,COOPERATIVO,1,2,HERIDOS,0,0,ATROPELLO
45235,A001576722,DIAGONAL 15 CARRERA 43 COLONIA PENAL,No registra,2,2,HERIDOS,0,0,CHOQUE
05/14/2023 12:00:00 AM,A001576725,KILOMETRO 23 +039 MTS      EL RESGUARDO,No registra,2,0,DA—OS MATERIALES,0,0,CHOQUE
45265,A001576723,CALLE 14 N 22-25    COOPERATIVO,COOPERATIVO,2,2,HERIDOS,0,0,CHOQUE
05/14/2023 12:00:00 AM,A001576724,CALLE 11 N 28-03    LAS ACACIAS,LAS ACACIAS,2,2,HERIDOS,0,0,CHOQUE
05/16/2023 12:00:00 AM,A001576726,CALLE 10A CARRERA 26   SIN INFORMACI√ìN DEL BARRIO,SIN INFORMACI√ìN DEL BARRIO,2,2,HERIDOS,0,0,CHOQUE
05/22/2023 12:00:00 AM,A001576729,KILOMETRO 23+580 MTS DIAGONAL MANGA DE COLEO    V√çA GRANADA-VILLAVICENCIO,V√çA GRANADA-VILLAVICENCIO,2,3,HERIDOS,0,0,CHOQUE
05/20/2023 12:00:00 AM,A001576727,CALLE 14 CARRERA 35   BACHUE,BACHUE,2,1,HERIDOS,0,0,CHOQUE
05/19/2023 12:00:00 AM,A001576728,CARRERA 23 DIAGONAL  15   SIN INFORMACI√ìN DEL BARRIO,SIN INFORMACI√ìN DEL BARRIO,2,3,HERIDOS,0,0,CHOQUE
05/21/2023 12:00:00 AM,C-001582243,KILOMETRO 57+700 MTS     V√çA GRANADA-VILLAVICENCIO,V√çA GRANADA-VILLAVICENCIO,2,0,MUERTOS,1,2,CHOQUE
05/23/2023 12:00:00 AM,C-001582244,KILOMETRO 57+650 MTS     V√çA GRANADA-VILLAVICENCIO,V√çA GRANADA-VILLAVICENCIO,2,0,MUERTOS,1,1,CHOQUE
05/29/2023 12:00:00 AM,A001576731,CARRERA 16 CALLE  17   SAN CRISTOBAL,SAN CRISTOBAL,2,2,HERIDOS,0,0,CHOQUE
05/27/2023 12:00:00 AM,A001576730,KILOMETRO 3+200 MTS VIA GRAVICON,No registra,2,0,DA—OS MATERIALES,0,0,CHOQUE
05/30/2023 12:00:00 AM,C-001582252,KILOMETRO 47+500 MTS,No registra,2,1,HERIDOS,0,0,CHOQUE
05/30/2023 12:00:00 AM,A001576732,CARRERA 23 N 27A-25    SIN INFORMACI√ìN DEL BARRIO,SIN INFORMACI√ìN DEL BARRIO,2,1,HERIDOS,0,0,CHOQUE
45113,A001576733,DIAGONAL 15 N. 22-54,No registra,3,3,HERIDOS,0,0,CHOQUE
45144,A001576734,KILOMETRO 26 + 800 MTS VIA VILLAVICENCIO    V√çA ACAC√çAS-VILLAVICENCIO,V√çA ACAC√çAS-VILLAVICENCIO,2,2,HERIDOS,0,0,CHOQUE
45266,A001576735,CALLE 18 CON 15 INTERSECCION    SIN INFORMACI√ìN DEL BARRIO,SIN INFORMACI√ìN DEL BARRIO,2,3,HERIDOS,0,0,CHOQUE
06/22/2023 12:00:00 AM,A001576736,CALLE 14 # 20    CENTRO,CENTRO,1,1,HERIDOS,0,0,ATROPELLO
06/23/2023 12:00:00 AM,A001576737,CALLE 11 33-12    SAMAN,SAMAN,2,2,HERIDOS,0,0,CHOQUE
06/24/2023 12:00:00 AM,A001576738,CALLE 14 CARRERA  15   CENTRO,CENTRO,2,2,HERIDOS,0,0,CHOQUE
06/28/2023 12:00:00 AM,A001576739,CARRERA 23 N.18-24    MANCERA,MANCERA,1,0,MUERTOS,1,1,CHOQUE
06/25/2023 12:00:00 AM,C-0015882267,KILOMETRO 46+690 MTS     V√çA GRANADA-VILLAVICENCIO,V√çA GRANADA-VILLAVICENCIO,2,1,HERIDOS,0,0,CHOQUE
06/30/2023 12:00:00 AM,A001576740,CALLE 17 CARRERA 6   POPULAR,POPULAR,2,1,HERIDOS,0,0,CHOQUE
45023,A001576741,AVENIDA 23 N. 27B-30B    SIN INFORMACI√ìN DEL BARRIO,SIN INFORMACI√ìN DEL BARRIO,2,1,HERIDOS,0,0,CHOQUE
45206,A001576743,CARRERA 45A CALLE 16   COLINAS,COLINAS,2,1,HERIDOS,0,0,CHOQUE
45114,A001576742,CALLE 10A CARRERA 25   SIN INFORMACI√ìN DEL BARRIO,SIN INFORMACI√ìN DEL BARRIO,2,2,HERIDOS,0,0,CHOQUE
45267,A001576744,LOTE N 2 VIA CHICHCIMENE  FRENTE  FINCA SAN ANTONIO    LOMA DE TIGRE,No registra,2,2,HERIDOS,0,0,CHOQUE
07/14/2023 12:00:00 AM,A001576745,CALLE 12 CARRERA 24   DORADO,DORADO,2,2,HERIDOS,0,0,CHOQUE
07/16/2023 12:00:00 AM,A001576746,KILOMETRO 2 VIA VAQUEROS -CHICHIMENE     SAN ISIDRO DE CHICHIMENE,No registra,2,2,HERIDOS,0,0,CHOQUE
07/18/2023 12:00:00 AM,A001576747,CALLE 23 N-19-03   ARAGUANEY,No registra,2,2,HERIDOS,0,0,CHOQUE
07/21/2023 12:00:00 AM,A001576749,KILOMETRO 1 FINCA PORVENIR   VEREDA SAN NICOLAS,No registra,2,1,HERIDOS,0,0,CHOQUE
07/19/2023 12:00:00 AM,A001576748,CALLE 18 CARRERA 5   POPULAR,POPULAR,2,1,HERIDOS,0,0,CHOQUE
07/22/2023 12:00:00 AM,A001576750,CALLE 10A CARRERA 25  B/EVEREST,No registra,3,1,HERIDOS,0,0,CHOQUE
07/24/2023 12:00:00 AM,A001576751,CALLE 12 CARRERA 33   SIN INFORMACI√ìN DEL BARRIO,SIN INFORMACI√ìN DEL BARRIO,2,1,HERIDOS,0,0,CHOQUE
07/26/2023 12:00:00 AM,A001576752,KILOMETRO 4 DSDE COLEGIO JUAN ROZO VIA GRAVICON,No registra,2,0,DA—OS MATERIALES,0,0,CHOQUE
07/28/2023 12:00:00 AM,A001576753,CALLE 11 CRA 27 -36    LAS ACACIAS,LAS ACACIAS,2,1,HERIDOS,0,0,CHOQUE
44965,A001576754,CALLE 23 CARRERA 24   LA TIZA,LA TIZA,2,1,HERIDOS,0,0,CHOQUE
44993,A001576755,CARRERA 17 CALLE  21-49  B/ARAGUANEY,No registra,2,0,HERIDOS,0,0,CHOQUE
45085,A001576757,DIAGONAL 15 N: 32-20    VILLA CASTILLA,VILLA CASTILLA,2,0,DA—OS MATERIALES,0,0,CHOQUE
45024,A001576756,CARRERA 23 N. 18-63    MANCERA,MANCERA,3,1,HERIDOS,0,0,CHOQUE
45268,A001576758,CALLE 14 CARRERA 35-23   INDEPENDENCIA,INDEPENDENCIA,2,1,HERIDOS,0,0,CHOQUE
08/16/2023 12:00:00 AM,A001576759,CALLE 14 CARRERA 21   SIN INFORMACI√ìN DEL BARRIO,SIN INFORMACI√ìN DEL BARRIO,2,1,HERIDOS,0,0,CHOQUE
08/18/2023 12:00:00 AM,A001576760,KILOMETRO 3+700MTS VIA ACACIAS  VEREDA LA ESMERALDA     ESMERALDA,No registra,2,3,HERIDOS,0,0,CHOQUE
08/20/2023 12:00:00 AM,A001576761,KILOMETRO 3+100 MTS      ESMERALDA,No registra,2,1,MUERTOS,1,1,CHOQUE
08/20/2023 12:00:00 AM,A001576762,KILOMETRO 22+450 MTS VIA DINAMARCA,No registra,2,1,HERIDOS,0,0,CHOQUE
08/22/2023 12:00:00 AM,A001576763,CARRERA 31 CALLE 16   BACHUE,BACHUE,2,2,HERIDOS,0,0,CHOQUE
08/26/2023 12:00:00 AM,A001576764,CALLE 11 CARRERA 25   DORADO,DORADO,2,1,HERIDOS,0,0,CHOQUE
45116,A001576765,CARRERA 23 # 23-30 EDS MARIA ALEJANDRA    SIN INFORMACI√ìN DEL BARRIO,SIN INFORMACI√ìN DEL BARRIO,2,0,MUERTOS,1,1,CHOQUE
45178,A001576768,CARRERA 30 CALLE 10A BARRIO PANORAMA II,No registra,2,3,HERIDOS,0,0,CHOQUE
45239,A001602209,AVENIDA 23 CARRERA 30   SIN INFORMACI√ìN DEL BARRIO,SIN INFORMACI√ìN DEL BARRIO,2,1,HERIDOS,0,0,CHOQUE
45116,A001576766,CARRERA 29 # 18A-40     SIN INFORMACI√ìN DEL BARRIO,SIN INFORMACI√ìN DEL BARRIO,2,1,HERIDOS,0,0,CHOQUE
45147,A001576767,CARRERA 13 #  12.44    JUAN MELLAO,JUAN MELLAO,2,1,HERIDOS,0,0,CHOQUE
09/16/2023 12:00:00 AM,A001602211,AVENIDA 23 CARRERA 15   SIN INFORMACI√ìN DEL BARRIO,SIN INFORMACI√ìN DEL BARRIO,2,2,HERIDOS,0,0,CHOQUE
09/16/2023 12:00:00 AM,A001602210,CALLE 19 N 29A-34    SIN INFORMACI√ìN DEL BARRIO,SIN INFORMACI√ìN DEL BARRIO,2,5,HERIDOS,0,0,CHOQUE
09/18/2023 12:00:00 AM,A001602212,CARRERA 23 FRENTE ALA BIBLIOTECA MUNICIPAL    SIN INFORMACI√ìN DEL BARRIO,SIN INFORMACI√ìN DEL BARRIO,1,1,HERIDOS,0,0,ATROPELLO
09/27/2023 12:00:00 AM,A001602213,KILOMETRO 1+100 MTS DESDE JUAN ROZO VIA DINAMARCA     SANTA TERESITA,No registra,2,2,HERIDOS,0,0,CHOQUE
09/28/2023 12:00:00 AM,A001602214,CALLE 18 CARRERA 18   SIN INFORMACI√ìN DEL BARRIO,SIN INFORMACI√ìN DEL BARRIO,2,1,HERIDOS,0,0,CHOQUE
44936,A001602215,KILOMETRO 1 VIA ANTIGUA GUAMAL    RANCHO GRANDE,No registra,1,0,MUERTOS,1,1,CHOQUE
44967,A001602216,CALLE 16 CARRERA 27   EL BOSQUE,EL BOSQUE,2,3,HERIDOS,0,0,CHOQUE
45056,A001602218,KILOMETRO 8 VIA VAQUEROS CLUB  CHICHIMENE     SAN ISIDRO DE CHICHIMENE,No registra,2,0,MUERTOS,1,1,CHOQUE
45026,C-001582322,KILOMETRO 45+340 MTS      LA CECILITA,No registra,2,1,HERIDOS,0,0,CHOQUE
45056,A001602217,CALLE 11 N 27 -19   LAS ACACIAS,LAS ACACIAS,2,2,HERIDOS,0,0,CHOQUE
45117,A001602219,KILOMETRO 14 VIA  Dinamrca     MONTELIBANO BAJO,No registra,2,0,MUERTOS,1,1,CHOQUE
45240,A001602220,CALLE 11 CARRERA 38   INDEPENDENCIA,INDEPENDENCIA,2,2,HERIDOS,0,0,CHOQUE
10/13/2023 12:00:00 AM,C-00158479,KILOMETRO 46+970 MTS VIA VILLAVICENCIO GRANADA  SECTOR CODE SOLA,No registra,2,0,MUERTOS,1,2,CHOQUE
10/14/2023 12:00:00 AM,A001602221,CALLE 41 ENTRE LA DIAGONAL 15 Y AVENIDA 23  FRENTE ALA  NORMAL SUPERIOR,No registra,1,1,HERIDOS,0,0,ATROPELLO
10/15/2023 12:00:00 AM,A001602222,CALLE 14 CARRERA 34   BACHUE,BACHUE,2,1,HERIDOS,0,0,CHOQUE
10/16/2023 12:00:00 AM,A001602223,CARRERA 23 N . 27-33 VILLA CLAUDIA BARRIO,No registra,1,3,HERIDOS,0,0,ATROPELLO
10/19/2023 12:00:00 AM,A001602224,AVENIDA 23 N 33-25   SIN INFORMACI√ìN DEL BARRIO,SIN INFORMACI√ìN DEL BARRIO,2,2,HERIDOS,0,0,CHOQUE
10/21/2023 12:00:00 AM,A001602225,CALLE 15 CARRERA 17   CENTRO,CENTRO,2,1,HERIDOS,0,0,CHOQUE
10/22/2023 12:00:00 AM,A001602226,AVENIDA 23 CALLE  11   SIN INFORMACI√ìN DEL BARRIO,SIN INFORMACI√ìN DEL BARRIO,2,1,HERIDOS,0,0,CHOQUE
10/23/2023 12:00:00 AM,A001602227,DIAGONAL 15 CARRRA  26A   SIN INFORMACI√ìN DEL BARRIO,SIN INFORMACI√ìN DEL BARRIO,1,2,HERIDOS,0,0,OTRO
10/23/2023 12:00:00 AM,A001602228,KILOMETRO 24+450 MTS     V√çA ACAC√çAS-DINAMARCA,V√çA ACAC√çAS-DINAMARCA,2,3,HERIDOS,0,0,CHOQUE
10/29/2023 12:00:00 AM,A001602229,CALLE 19 CARRERA 16   SAN CRISTOBAL,SAN CRISTOBAL,1,1,HERIDOS,0,0,ATROPELLO
10/29/2023 12:00:00 AM,A001602230,KILOMETRO 1 VIA CRUCE VAQUEROS CHICHIMENE    LOMA DE TIGRE,No registra,2,1,HERIDOS,0,0,CHOQUE
10/31/2023 12:00:00 AM,A001602231,CALLE 14 N 26 -29  BARRIO SAN JOSE,No registra,2,2,HERIDOS,0,0,CHOQUE
10/31/2023 12:00:00 AM,A001602232,CALLE 14 CARRERA 23   COOPERATIVO,COOPERATIVO,1,1,MUERTOS,1,1,ATROPELLO
44937,A001602233,CALLE 18 CARRERA 19   MANCERA,MANCERA,2,1,HERIDOS,0,0,CHOQUE
44968,A001602234,KILOMETRO 3 VIA ACACIAS  DINAMARCA,No registra,2,2,HERIDOS,0,0,CHOQUE
45027,A001602236,CARRERA 33 CALLE 16C   BACHUE,BACHUE,2,2,HERIDOS,0,0,CHOQUE
44996,A001602235,CALLE 10A CARRERA 28   SIN INFORMACI√ìN DEL BARRIO,SIN INFORMACI√ìN DEL BARRIO,2,1,HERIDOS,0,0,CHOQUE
45088,A001602237,CARRERA 17 N 16-32    SIN INFORMACI√ìN DEL BARRIO,SIN INFORMACI√ìN DEL BARRIO,2,2,HERIDOS,0,0,CHOQUE
11/18/2023 12:00:00 AM,A001602240,AVENIDA 23 N 27B-30    SIN INFORMACI√ìN DEL BARRIO,SIN INFORMACI√ìN DEL BARRIO,2,1,HERIDOS,0,0,CHOQUE
11/16/2023 12:00:00 AM,A001602238,KILOMETRO 52+260 MTS     V√çA GRANADA-VILLAVICENCIO,V√çA GRANADA-VILLAVICENCIO,2,5,HERIDOS,0,0,CHOQUE
11/18/2023 12:00:00 AM,A001602239,CALLE 14 N. 18-56    CENTRO,CENTRO,2,1,HERIDOS,0,0,CHOQUE
11/27/2023 12:00:00 AM,A001602241,CALLE 14 CARRERA 33   SIN INFORMACI√ìN DEL BARRIO,SIN INFORMACI√ìN DEL BARRIO,2,0,MUERTOS,1,1,CHOQUE
11/27/2023 12:00:00 AM,A001602242,CALLE 19 CARRERA 18   MANCERA,MANCERA,2,1,HERIDOS,0,0,CHOQUE
11/28/2023 12:00:00 AM,A001602243,AVENIDA 23 CALLE 19   ATAHUALPA,ATAHUALPA,2,1,HERIDOS,0,0,CHOQUE
11/29/2023 12:00:00 AM,A001602244,KILOMETRO 18+850 MTS VIA ACACIAS -SAN CARLOS DE GUAROA     SANTA ROSA,No registra,2,1,HERIDOS,0,0,CHOQUE
44969,A006102247,CARRERA 23 N 14-30    COOPERATIVO,COOPERATIVO,2,2,HERIDOS,0,0,CHOQUE
44997,A001602249,CALLE 17 N .8 -57   B/PALERMO,No registra,2,2,HERIDOS,0,0,CHOQUE
44938,A001602246,CALLE 12 CARRERA 28   SAMAN,SAMAN,2,2,HERIDOS,0,0,CHOQUE
44938,A001602245,CALLE 12 N 32 -54    NUTIVARA,NUTIVARA,1,1,HERIDOS,0,0,ATROPELLO
44969,A001602248,CARRERA 18 CALLE  7   BALCONES DE SANTA ISABEL,BALCONES DE SANTA ISABEL,1,2,HERIDOS,0,0,ATROPELLO
45089,A001602250,CALLE 15 CARRERA  29   SIN INFORMACI√ìN DEL BARRIO,SIN INFORMACI√ìN DEL BARRIO,2,3,HERIDOS,0,0,CHOQUE
45150,A001602251,CALLE 14 CARRERA 12   JUAN MELLAO,JUAN MELLAO,2,2,HERIDOS,0,0,CHOQUE
45150,A001602252,CARRERA 14 CALLE  17   SAN CRISTOBAL,SAN CRISTOBAL,2,2,HERIDOS,0,0,CHOQUE
12/19/2023 12:00:00 AM,A001602254,CARRERA 23 CALLE  21A   LA TIZA,LA TIZA,2,2,HERIDOS,0,0,CHOQUE
12/22/2023 12:00:00 AM,A001602255,CARRERA 23 N .9 -15    PABLO EMILIO RIVEROS,PABLO EMILIO RIVEROS,1,0,MUERTOS,1,1,CHOQUE
12/18/2023 12:00:00 AM,A001602253,AVENIDA 23 N.27-06    DON BOSCO,DON BOSCO,3,2,HERIDOS,0,0,CHOQUE
12/22/2023 12:00:00 AM,A001602256,CARRERA 24 CALLE  45179 EVEREST,No registra,1,1,HERIDOS,0,0,ATROPELLO
12/25/2023 12:00:00 AM,A001602259,CALLE 13 CARRERA  20   COOPERATIVO,COOPERATIVO,2,1,HERIDOS,0,0,CHOQUE
12/24/2023 12:00:00 AM,A001602258,AVENIDA 23 CARRERA 27A  VIILA  CLAUDIA,No registra,1,1,HERIDOS,0,0,CHOQUE
12/24/2023 12:00:00 AM,A001602257,CARRERA 14 N. 9-103   LA UNION,LA UNION,1,1,HERIDOS,0,0,OTRO
12/30/2023 12:00:00 AM,A001602260,AVENIDA 23 N. 27B-30 SAIN THOMAS,No registra,2,1,HERIDOS,0,0,CHOQUE
12/30/2023 12:00:00 AM,A001602261,CALLE 18 CARRERA 18   MANCERA,MANCERA,2,3,HERIDOS,0,0,CHOQUE
44562,A001371865,CALLE 9 CARRERA  22   PABLO EMILIO RIVEROS,PABLO EMILIO RIVEROS,2,0,DA—OS MATERIALES,0,0,CHOQUE
44593,A001371866,CARRERA 23 CALLE  17   COOPERATIVO,COOPERATIVO,2,2,HERIDOS,0,0,CHOQUE
44621,A001371867,KILOMETRO 1+700 MTS RURAL     LOMA DE TIGRE,No registra,2,1,HERIDOS,0,0,CHOQUE
44682,A001371868,AVENIDA 23 CARRERA  27   LOS OLIVOS,LOS OLIVOS,2,1,HERIDOS,0,0,CHOQUE
44743,A001371869,CARRERA 23 # 14 53   COOPERATIVO,COOPERATIVO,4,0,DA—OS MATERIALES,0,0,CHOQUE
01/16/2022 12:00:00 AM,A001371872,CARRERA 23 #14 27   SAN JOS√â,SAN JOS√â,2,0,DA—OS MATERIALES,0,0,CHOQUE
44835,A001371870,KILOMETRO 1+700 MTS     V√çA ACAC√çAS-GUAMAL,V√çA ACAC√çAS-GUAMAL,2,0,HERIDOS,0,0,CHOQUE
01/14/2022 12:00:00 AM,A001371871,CARRERA 49 CALLE 20   BRISAS DE LA COLINA,BRISAS DE LA COLINA,2,0,HERIDOS,0,0,CHOQUE
01/17/2022 12:00:00 AM,A001371873,KILOMETRO 15+9 MTS     V√çA ACAC√çAS-DINAMARCA,V√çA ACAC√çAS-DINAMARCA,2,0,DA—OS MATERIALES,0,0,CHOQUE
01/19/2022 12:00:00 AM,A001371874,CARRERA 14 CALLE 26   GUARATARA II,GUARATARA II,2,0,DA—OS MATERIALES,0,0,CHOQUE
01/27/2022 12:00:00 AM,A001371875,KILOMETRO 27+100 MTS     V√çA ACAC√çAS-VILLAVICENCIO,V√çA ACAC√çAS-VILLAVICENCIO,2,0,DA—OS MATERIALES,0,0,CHOQUE
01/28/2022 12:00:00 AM,A001371877,CARRERA 31 CALLE 16C   BACHUE,BACHUE,2,0,DA—OS MATERIALES,0,0,CHOQUE
01/31/2022 12:00:00 AM,A001371878,CALLE 14 CARRERA  31   BACHUE,BACHUE,2,0,DA—OS MATERIALES,0,0,CHOQUE
01/27/2022 12:00:00 AM,A001371876,CARRERA 23 # 9 74,No registra,2,1,HERIDOS,0,0,CHOQUE
44774,C-0088589,KILOMETRO 44+800 MTS     V√çA GRANADA-VILLAVICENCIO,V√çA GRANADA-VILLAVICENCIO,3,0,DA—OS MATERIALES,0,0,CHOQUE
01/25/2022 12:00:00 AM,C-001437191,KILOMETRO 46+500 MTS     V√çA GRANADA-VILLAVICENCIO,V√çA GRANADA-VILLAVICENCIO,2,1,HERIDOS,0,0,CHOQUE
44622,A001371879,CARRERA 45 FRENTE 14 - 46,No registra,2,0,DA—OS MATERIALES,0,0,CHOQUE
44653,A001371880,MANZANA C CASA 21   NUEVA JERUSALEN,NUEVA JERUSALEN,2,0,DA—OS MATERIALES,0,0,CHOQUE
44683,A001371881,CARRERA 14 CALLE 17   SAN CRISTOBAL,SAN CRISTOBAL,2,2,HERIDOS,0,0,CHOQUE
44744,A001371882,CARRERA 18 CON  8 INTERSECCI√ìN,No registra,2,0,DA—OS MATERIALES,0,0,CHOQUE
44775,A001371883,KILOMETRO 7+700   V√çA DINAMARCA,No registra,2,0,DA—OS MATERIALES,0,0,CHOQUE
44867,A001371884,CARRERA 23 # 9 - 15,No registra,2,0,DA—OS MATERIALES,0,0,CHOQUE
44897,A001371885,KILOMETRO 0+500      SANTA TERESITA,No registra,2,0,MUERTOS,1,3,CHOQUE
02/13/2022 12:00:00 AM,A001371886,CALLE 15 CARRERA 21,No registra,2,1,HERIDOS,0,0,CHOQUE
02/15/2022 12:00:00 AM,A001371888,KILOMETRO 0+400     V√çA ANTIGUA GUAMAL,V√çA ANTIGUA GUAMAL,1,1,MUERTOS,1,1,CHOQUE
44897,A001371887,CARRERA 31 # 14 - 46,No registra,2,2,HERIDOS,0,0,ATROPELLO
02/17/2022 12:00:00 AM,A001371889,CALLE 18 # 17 - 20 MANCERA,MANCERA,1,1,HERIDOS,0,0,CHOQUE
02/18/2022 12:00:00 AM,A001371890,KILOMETRO 22+880     V√çA GRANADA-VILLAVICENCIO,V√çA GRANADA-VILLAVICENCIO,3,0,DA—OS MATERIALES,0,0,CHOQUE
02/18/2022 12:00:00 AM,A001371891,CARRERA 23 CALLE 17   MANCERA,MANCERA,2,1,HERIDOS,0,0,CHOQUE
02/20/2022 12:00:00 AM,A001371893,CARRERA 17 # 21 - 49,No registra,1,0,DA—OS MATERIALES,0,0,CHOQUE
02/19/2022 12:00:00 AM,A001371894,KILOMETRO 20+200      PUERTO CANECAS,No registra,1,0,DA—OS MATERIALES,0,0,CHOQUE
02/19/2022 12:00:00 AM,A001371892,CARRERA 14 # 19 - 13 SAN CRISTOBAL,SAN CRISTOBAL,2,1,HERIDOS,0,0,CHOQUE
02/21/2022 12:00:00 AM,A001371895,CALLE 11 CARRERA 26,No registra,2,2,HERIDOS,0,0,CHOQUE
02/21/2022 12:00:00 AM,A001371896,CALLE 16 # 47 - 3 COLINAS,COLINAS,2,4,HERIDOS,0,0,CHOQUE
02/22/2022 12:00:00 AM,A001371897,CALLE 25 # 20 - 3 GUARATARA,GUARATARA,1,3,HERIDOS,0,0,ATROPELLO
02/22/2022 12:00:00 AM,A001371898,CARRERA 14 # 18 - 29 SAN CRISTOBAL,SAN CRISTOBAL,2,2,HERIDOS,0,0,CHOQUE
02/26/2022 12:00:00 AM,A001371900,CARRERA 30 # 22A - 20 LA ORQUIDEA REAL,LA ORQUIDEA REAL,2,2,HERIDOS,0,0,CHOQUE
02/23/2022 12:00:00 AM,A001371899,CARRERA 45B # 16,No registra,2,1,HERIDOS,0,0,CHOQUE
02/27/2022 12:00:00 AM,A001371902,DIAGONAL 15 # 32 - 20 VILLA CASTILLA,VILLA CASTILLA,2,1,HERIDOS,0,0,CHOQUE
02/27/2022 12:00:00 AM,A001371903,AVENIDA 23 # 27 - 33,No registra,2,1,HERIDOS,0,0,CHOQUE
44653,C001437205,KILOMETRO 53+500     V√çA GRANADA-VILLAVICENCIO,V√çA GRANADA-VILLAVICENCIO,2,1,HERIDOS,0,0,CHOQUE
02/27/2022 12:00:00 AM,A001371905,CALLE 14 # 17 58   CENTRO,CENTRO,2,0,DA—OS MATERIALES,0,0,CHOQUE
44595,A001371904,CARRERA 25 CALLE  23,No registra,3,1,HERIDOS,0,0,CHOQUE
44776,A001371907,KILOMETRO 1+700 MTS     BAQUEROS CLUB-CHICHIMENE LOMA DE TIGRE,BAQUEROS CLUB-CHICHIMENE,1,0,DA—OS MATERIALES,0,0,OTRO
44745,A001371906,KILOMETRO 9+200 MTS     BAQUEROS CLUB-CHICHIMENE,BAQUEROS CLUB-CHICHIMENE,1,0,MUERTOS,1,1,CHOQUE
44776,A001371908,CALLE 13 CARRERA  16   CENTRO,CENTRO,2,1,HERIDOS,0,0,CHOQUE
03/16/2022 12:00:00 AM,A001371912,AVENIDA 23 FRENTE ALA MANGA DE COLEO,No registra,2,1,HERIDOS,0,0,CHOQUE
03/16/2022 12:00:00 AM,A001371911,AVENIDA 25 # 25 39   SIN INFORMACI√ìN DEL BARRIO,SIN INFORMACI√ìN DEL BARRIO,2,1,HERIDOS,0,0,CHOQUE
03/14/2022 12:00:00 AM,A001371910,KILOMETRO 23 MTS SECTOR CA√ëO HONDO    V√çA ACAC√çAS-DINAMARCA,V√çA ACAC√çAS-DINAMARCA,2,1,HERIDOS,0,0,CHOQUE
03/13/2022 12:00:00 AM,A001371909,AVENIDA 23 CALLE 9   COOPERATIVO,COOPERATIVO,2,1,HERIDOS,0,0,CHOQUE
03/18/2022 12:00:00 AM,A001371901,CARRERA 23 # 13 31   SAN JOS√â,SAN JOS√â,4,0,DA—OS MATERIALES,0,0,CHOQUE
03/24/2022 12:00:00 AM,A001371905,CALLE 15 CARRERA  13   JUAN MELLAO,JUAN MELLAO,1,0,DA—OS MATERIALES,0,0,OTRO
03/22/2022 12:00:00 AM,A001371913,CARRERA 14 # 4 99   MALEC√ìN TURISTICO,MALEC√ìN TURISTICO,2,1,HERIDOS,0,0,CHOQUE
03/26/2022 12:00:00 AM,A001371915,CARRERA 23 # 14 7   SIN INFORMACI√ìN DEL BARRIO,SIN INFORMACI√ìN DEL BARRIO,2,0,DA—OS MATERIALES,0,0,CHOQUE
03/28/2022 12:00:00 AM,A001371916,CALLE 18 CARRERA  6   POPULAR,POPULAR,2,0,DA—OS MATERIALES,0,0,CHOQUE
03/25/2022 12:00:00 AM,A001371914,CARRERA 23 # 17 13  MANCERA,MANCERA,2,2,HERIDOS,0,0,CHOQUE
03/30/2022 12:00:00 AM,A001371917,KILOMETRO 26+300 MTS     V√çA GRANADA-VILLAVICENCIO,V√çA GRANADA-VILLAVICENCIO,2,0,DA—OS MATERIALES,0,0,CHOQUE
03/30/2022 12:00:00 AM,A001371918,CARRERA 31 CALLE 16C    BACHUE,BACHUE,2,3,HERIDOS,0,0,CHOQUE
44837,C-001437245,KILOMETRO 48+350 MTS     V√çA GRANADA-VILLAVICENCIO,V√çA GRANADA-VILLAVICENCIO,1,2,HERIDOS,0,0,ATROPELLO
03/30/2022 12:00:00 AM,C-00143724,KILOMETRO 47+100 MTS     V√çA GRANADA-VILLAVICENCIO,V√çA GRANADA-VILLAVICENCIO,2,0,DA—OS MATERIALES,0,0,CHOQUE
44596,A001371919,AVENIDA 23 # 27 4   DON BOSCO,DON BOSCO,2,1,HERIDOS,0,0,CHOQUE
44624,A001371921,CARRERA 23 CALLE 19   SIN INFORMACI√ìN DEL BARRIO,SIN INFORMACI√ìN DEL BARRIO,2,0,DA—OS MATERIALES,0,0,CHOQUE
44624,A001371920,KILOMETRO 2 ACACIAS /VEREDA CENTRO     EL CENTRO,No registra,1,0,MUERTOS,1,1,CHOQUE
44746,A001371922,KILOMETRO 1+200 MTS VIA RESGUARDO     EL RESGUARDO,No registra,1,0,DA—OS MATERIALES,0,0,CHOQUE
44808,A001371923,CARRERA 23 FRENTE AL COMPLEJO GANADERO,No registra,2,3,HERIDOS,0,0,CHOQUE
04/13/2022 12:00:00 AM,A001456778,DIAGONAL 15 CARRERA  27A 33  SAN JOS√â,SAN JOS√â,2,0,DA—OS MATERIALES,0,0,CHOQUE
04/14/2022 12:00:00 AM,A001456779,CALLE 11 #32 67   SIN INFORMACI√ìN DEL BARRIO,SIN INFORMACI√ìN DEL BARRIO,2,0,DA—OS MATERIALES,0,0,CHOQUE
04/15/2022 12:00:00 AM,A001456780,CARRERA 18 # 6 18  SIN INFORMACI√ìN DEL BARRIO,SIN INFORMACI√ìN DEL BARRIO,2,0,DA—OS MATERIALES,0,0,CHOQUE
44808,A001371925,CALLE 13 CARRERA  18   CENTRO,CENTRO,1,0,DA—OS MATERIALES,0,0,VOLCAMIENTO
44808,A001371924,CARRERA 23 CALLE  17 DIAGONAL 15  SIN INFORMACI√ìN DEL BARRIO,SIN INFORMACI√ìN DEL BARRIO,2,0,DA—OS MATERIALES,0,0,CHOQUE
44838,A001371926,CALLE 15 CARRERA  18   CENTRO,CENTRO,1,2,HERIDOS,0,0,ATROPELLO
44838,A001371927,CALLE 13 CARRERA  16   CENTRO,CENTRO,2,0,DA—OS MATERIALES,0,0,CHOQUE
44899,A001456777,CARRERA 33 CALLE  16D   BACHUE,BACHUE,1,1,HERIDOS,0,0,ATROPELLO
04/17/2022 12:00:00 AM,A001456783,CARRERA 22 CALLE  15   COOPERATIVO,COOPERATIVO,1,1,HERIDOS,0,0,ATROPELLO
04/16/2022 12:00:00 AM,A001456781,AVENIDA 23 CALLE  27   SIN INFORMACI√ìN DEL BARRIO,SIN INFORMACI√ìN DEL BARRIO,2,2,HERIDOS,0,0,CHOQUE
04/20/2022 12:00:00 AM,A001456784,CALLE 13 CARRERA  26   SAN JOS√â,SAN JOS√â,2,1,HERIDOS,0,0,CHOQUE
04/27/2022 12:00:00 AM,A001456786,CALLE 15 # 16 7  CENTRO,CENTRO,2,0,DA—OS MATERIALES,0,0,CHOQUE
04/25/2022 12:00:00 AM,A001456785,CARRERA 23 CALLE  15   SAN JOS√â,SAN JOS√â,2,2,HERIDOS,0,0,CHOQUE
04/30/2022 12:00:00 AM,A001456789,CALLE 14 # 29 34  BACHUE,BACHUE,1,1,HERIDOS,0,0,OTRO
44685,C-001441380,KILOMETRO 46+200 MTS     V√çA GRANADA-VILLAVICENCIO,V√çA GRANADA-VILLAVICENCIO,3,1,HERIDOS,0,0,CHOQUE
04/16/2022 12:00:00 AM,C-001441393,KILOMETRO 46+300 MTS     V√çA GRANADA-VILLAVICENCIO,V√çA GRANADA-VILLAVICENCIO,4,0,DA—OS MATERIALES,0,0,CHOQUE
04/29/2022 12:00:00 AM,C-001441405,KILOMETRO 46+400 MTS     V√çA GRANADA-VILLAVICENCIO,V√çA GRANADA-VILLAVICENCIO,2,2,HERIDOS,0,0,CHOQUE
44597,A001456738,CARRERA 18 # 8A - 21 SANTA ISABEL,SANTA ISABEL,2,0,DA—OS MATERIALES,0,0,CHOQUE
44566,A001456787,CALLE 12 # 34A - 26 SAMAN,SAMAN,1,1,HERIDOS,0,0,ATROPELLO
44686,A001456790,CALLE 18 INTERSECCI√ìN 20,No registra,2,1,HERIDOS,0,0,ATROPELLO
44747,A001456791,DIAGONAL 5  17 - 7 PABLO EMILIO RIVEROS,PABLO EMILIO RIVEROS,1,0,DA—OS MATERIALES,0,0,CHOQUE
44778,A001456792,CALLE 16 INTERSECCI√ìN 33   BACHUE,BACHUE,2,4,HERIDOS,0,0,CHOQUE
05/13/2022 12:00:00 AM,A001456793,CARRERA 23 # 11 - 9 DORADO BAJO,DORADO BAJO,2,0,DA—OS MATERIALES,0,0,CHOQUE
05/14/2022 12:00:00 AM,A001456794,CALLE 11 # 17 - 57,No registra,2,2,HERIDOS,0,0,CHOQUE
05/16/2022 12:00:00 AM,A001456795,KILOMETRO 8+400 COLEGIO JUAN ROZO     EL RESGUARDO,No registra,2,0,HERIDOS,0,0,CHOQUE
05/21/2022 12:00:00 AM,A001456796,CALLE 19 # 25 - 72 SAN JOS√â,SAN JOS√â,2,0,DA—OS MATERIALES,0,0,CHOQUE
05/23/2022 12:00:00 AM,A001456797,CARRERA 33 INTERSECCI√ìN 16C,No registra,2,2,HERIDOS,0,0,CHOQUE
05/25/2022 12:00:00 AM,A001456798,CALLE 17 CARRERA 19   MANCERA,MANCERA,2,1,HERIDOS,0,0,CHOQUE
05/26/2022 12:00:00 AM,A001456799,CARRERA 23 CALLE 5 - 129 PABLO EMILIO RIVEROS,PABLO EMILIO RIVEROS,2,1,HERIDOS,0,0,CHOQUE
05/28/2022 12:00:00 AM,A001456782,CALLE 18 CARRERA 19,No registra,2,1,HERIDOS,0,0,CHOQUE
05/31/2022 12:00:00 AM,A001456803,CARRERA 23 CALLE 11   SAN JOS√â,SAN JOS√â,2,1,HERIDOS,0,0,CHOQUE
05/30/2022 12:00:00 AM,A001456801,DIAGONAL 15 # 27A - 45 SAN JOS√â,SAN JOS√â,2,2,HERIDOS,0,0,CHOQUE
05/29/2022 12:00:00 AM,A001456800,AVENIDA 23 INTERSECCI√ìN 25   LA TIZA,LA TIZA,2,0,HERIDOS,0,0,CHOQUE
05/13/2022 12:00:00 AM,C-001441416,KILOMETRO 55+200     V√çA GRANADA-VILLAVICENCIO,V√çA GRANADA-VILLAVICENCIO,3,1,HERIDOS,0,0,CHOQUE
44567,A001456802,CALLE 13 # 23 2  SIN INFORMACI√ìN DEL BARRIO,SIN INFORMACI√ìN DEL BARRIO,2,0,DA—OS MATERIALES,0,0,CHOQUE
44657,A001456804,CARRERA 23 DIAGONAL  15   SAN JOS√â,SAN JOS√â,2,1,HERIDOS,0,0,CHOQUE
44718,A001456805,KILOMETRO 19+200 MTS VIA ACACIAS SANTA ROSA     SANTA ROSA,No registra,2,3,HERIDOS,0,0,CHOQUE
44779,A001456806,CARRERA 23 CALLE  18   SIN INFORMACI√ìN DEL BARRIO,SIN INFORMACI√ìN DEL BARRIO,2,1,HERIDOS,0,0,CHOQUE
06/22/2022 12:00:00 AM,A001456808,CARRERA 47 CALLE  17   COLINAS,COLINAS,2,0,DA—OS MATERIALES,0,0,CHOQUE
06/19/2022 12:00:00 AM,A001456807,CARRERA 29 CALLE  12   SIN INFORMACI√ìN DEL BARRIO,SIN INFORMACI√ìN DEL BARRIO,2,2,HERIDOS,0,0,CHOQUE
06/22/2022 12:00:00 AM,A001456809,CALLE 12 CARRERA 33 SAMAN  SAMAN,SAMAN,1,1,HERIDOS,0,0,ATROPELLO
06/22/2022 12:00:00 AM,A001456810,CARRERA 30 # 17 5 ASOCIACION DE AMIGOS ASOCIACI√ìN DE AMIGOS,ASOCIACI√ìN DE AMIGOS,1,1,HERIDOS,0,0,ATROPELLO
06/24/2022 12:00:00 AM,A001456811,CALLE 14 CARRERA  24   SAN JOS√â,SAN JOS√â,2,0,DA—OS MATERIALES,0,0,CHOQUE
06/26/2022 12:00:00 AM,A001456812,CARRERA 23 CALLE  5 102  SIN INFORMACI√ìN DEL BARRIO,SIN INFORMACI√ìN DEL BARRIO,2,1,HERIDOS,0,0,CHOQUE
06/25/2022 12:00:00 AM,A001456813,CALLE 16 CARRERA  25   SIN INFORMACI√ìN DEL BARRIO,SIN INFORMACI√ìN DEL BARRIO,2,0,DA—OS MATERIALES,0,0,CHOQUE
06/25/2022 12:00:00 AM,A001456814,MALECON TURISTICO    MALEC√ìN TURISTICO,MALEC√ìN TURISTICO,2,0,DA—OS MATERIALES,0,0,CHOQUE
06/16/2022 12:00:00 AM,A001456815,CALLE 13 CARRERA  20   COOPERATIVO,COOPERATIVO,2,0,DA—OS MATERIALES,0,0,CHOQUE
44748,C-001441436,KILOMETRO 47+300 MTS     V√çA GRANADA-VILLAVICENCIO,V√çA GRANADA-VILLAVICENCIO,3,0,DA—OS MATERIALES,0,0,CHOQUE
06/16/2022 12:00:00 AM,C-001479120,KILOMETRO 48+000MTS   VEREDA EL CENTRO  V√çA GRANADA-VILLAVICENCIO,V√çA GRANADA-VILLAVICENCIO,3,5,HERIDOS,0,0,ATROPELLO
06/28/2022 12:00:00 AM,C-001479133,V√çA GRANADA-VILLAVICENCIO,V√çA GRANADA-VILLAVICENCIO,2,0,DA—OS MATERIALES,0,0,CHOQUE
44627,A001456817,KILOMETRO 10 V√çA DINAMARCA  VEREDA   MONTELIBANO,No registra,2,2,HERIDOS,0,0,CHOQUE
44627,A001456816,CALLE 16 CARRERA 34   BACHUE,BACHUE,2,1,HERIDOS,0,0,CHOQUE
44688,A001456818,CALLE 13 CARRERA 14   JUAN MELLAO,JUAN MELLAO,2,2,HERIDOS,0,0,CHOQUE
44780,A001456820,DIAGONAL 15  26 - 142 DON BOSCO,DON BOSCO,1,2,MUERTOS,1,1,CHOQUE
44780,A001456821,CALLE 12 CARRERA 35   NUTIVARA,NUTIVARA,2,0,DA—OS MATERIALES,0,0,CHOQUE
44811,A001456822,KILOMETRO 3+400 V√çA  VEREDA   EL CENTRO,No registra,2,2,MUERTOS,1,2,CHOQUE
44719,A001456819,CARRERA 19 CALLE 17   MANCERA,MANCERA,2,2,HERIDOS,0,0,CHOQUE
44841,A001456823,CALLE 14 CARRERA 32   BACHUE,BACHUE,2,1,HERIDOS,0,0,CHOQUE
44902,A001456824,DIAGONAL 15  26 - 46 PABLO VI,PABLO VI,1,1,HERIDOS,0,0,ATROPELLO
07/13/2022 12:00:00 AM,A001456826,CALLE 10 A  CARRERA 25 DORADO,DORADO,2,1,HERIDOS,0,0,CHOQUE
07/17/2022 12:00:00 AM,A001456829,AVENIDA 23   CALLE 14 SAN JOS√â,SAN JOS√â,2,0,DA—OS MATERIALES,0,0,CHOQUE
07/17/2022 12:00:00 AM,A001456830,KILOMETRO 9+200 V√çA CHICHIMENE,No registra,2,1,MUERTOS,1,1,CHOQUE
07/16/2022 12:00:00 AM,A001456828,KILOMETRO 26+200     PABLO EMILIO RIVEROS,PABLO EMILIO RIVEROS,1,2,HERIDOS,0,0,CHOQUE
07/13/2022 12:00:00 AM,A001456825,CALLE 14 CALLE 16   CENTRO,CENTRO,2,1,HERIDOS,0,0,CHOQUE
07/16/2022 12:00:00 AM,A001456827,CARRERA 23  15 - 20 DORADO,DORADO,2,0,DA—OS MATERIALES,0,0,CHOQUE
07/25/2022 12:00:00 AM,A001456831,CARRERA 36  12A - 6 INDEPENDENCIA,INDEPENDENCIA,1,0,HERIDOS,0,0,ATROPELLO
07/31/2022 12:00:00 AM,A001456833,CALLE 13 CARRERA 16   CENTRO,CENTRO,2,1,HERIDOS,0,0,CHOQUE
07/30/2022 12:00:00 AM,A001456832,CARRERA 17 CALLE 14   CENTRO,CENTRO,2,2,HERIDOS,0,0,CHOQUE
44872,C001479150,KILOMETRO 46+600  GRANADA - VILLAVICENCIO  EL CENTRO,No registra,2,0,DA—OS MATERIALES,0,0,CHOQUE
07/22/2022 12:00:00 AM,C001479154,KILOMETRO 46+500 BOMBA SEUZ GRANADA - VILLAVICENCIO,No registra,2,1,DA—OS MATERIALES,0,0,CHOQUE
44903,A001456834,CARRERA 18#16-10   -  SANTA ISABEL,SANTA ISABEL,2,1,HERIDOS,0,0,CHOQUE
08/13/2022 12:00:00 AM,A001456835,CARRERA 23#5A-05   -  PABLO EMILIO RIVEROS,PABLO EMILIO RIVEROS,2,1,HERIDOS,0,0,CHOQUE
44903,A001456836,CARRERA 23#14-76   -  DORADO,DORADO,2,1,HERIDOS,0,0,CHOQUE
08/13/2022 12:00:00 AM,A001456838,KILOMETRO 18+700 MTS VIA A DINAMARCA  VEREDA /CA√ëO HONDO   MONTELIBANO,No registra,1,1,HERIDOS,0,0,CHOQUE
08/21/2022 12:00:00 AM,A001456337,CARRERA 23 CALLE  19 -  MANCERA,MANCERA,2,2,HERIDOS,0,0,CHOQUE
08/23/2022 12:00:00 AM,A001456839,CARRERA 14 # 16 12  LAS VEGAS,LAS VEGAS,2,3,HERIDOS,0,0,CHOQUE
08/27/2022 12:00:00 AM,A001456840,CALLE 11 CARRERA  31A 15  LAS ACACIAS,LAS ACACIAS,1,0,MUERTOS,1,1,CHOQUE
44903,C-001479165,KILOMETRO 48+400 MTS   -  V√çA GRANADA-VILLAVICENCIO EL CENTRO,V√çA GRANADA-VILLAVICENCIO,2,1,HERIDOS,0,0,CHOQUE
44690,A001456841,CARRERA 29 DIAGONAL 15 -  VILLA DEL LLANO,VILLA DEL LLANO,2,1,HERIDOS,0,0,CHOQUE
44782,A001456842,CALLE 15 CARRERA  15 -  CENTRO,CENTRO,2,2,HERIDOS,0,0,CHOQUE
44904,A001456845,KILOMETRO 2+200 MTS   - VAQUEROS -CHICHIMENE,No registra,2,2,HERIDOS,0,0,CHOQUE
44874,A001456843,CALLE 11 CARRERA  26 -  DORADO,DORADO,2,2,HERIDOS,0,0,CHOQUE
44904,A001456844,DIAGONAL 15 # 29 43  VILLA LUCIA,VILLA LUCIA,2,1,HERIDOS,0,0,CHOQUE
09/14/2022 12:00:00 AM,A001456846,DIAGONAL 15 CARRERA  21 -  COOPERATIVO,COOPERATIVO,2,2,HERIDOS,0,0,CHOQUE
09/14/2022 12:00:00 AM,A001456847,KILOMETRO 52 GRAN/VILLAVICENCIO  -  V√çA GRANADA-VILLAVICENCIO,V√çA GRANADA-VILLAVICENCIO,2,1,HERIDOS,0,0,CHOQUE
09/19/2022 12:00:00 AM,A001456848,CALLE 10A CARRERA  26 -  LAS ACACIAS,LAS ACACIAS,2,1,HERIDOS,0,0,CHOQUE
09/22/2022 12:00:00 AM,A001456849,CARRERA 23 # 25 39  VILLA LUCIA,VILLA LUCIA,2,2,HERIDOS,0,0,CHOQUE
09/25/2022 12:00:00 AM,A001456850,DIAGONAL 5 VIA LLANO MAR  -  LLANO MAR,LLANO MAR,1,1,HERIDOS,0,0,CHOQUE
06/13/2022 12:00:00 AM,C-001479189,KILOMETRO 47+610 MTS INTER VEREDA EL CENTRO    V√çA GRANADA-VILLAVICENCIO,V√çA GRANADA-VILLAVICENCIO,2,1,MUERTOS,1,1,CHOQUE
09/15/2022 12:00:00 AM,C-001479191,KILOMETRO 56+720 MTS    -  V√çA GRANADA-VILLAVICENCIO,V√çA GRANADA-VILLAVICENCIO,1,2,HERIDOS,0,0,ATROPELLO
44571,A001456851,CALLE 18 FRENTE ALA VILLA OLIMPICA  -,No registra,2,2,HERIDOS,0,0,CHOQUE
44661,A001456853,CALLE 18 # 20 46  MANCERA,MANCERA,2,1,HERIDOS,0,0,CHOQUE
44630,A001456852,CALLE 18 CARRERA 7-52 -  SIN INFORMACI√ìN DEL BARRIO,SIN INFORMACI√ìN DEL BARRIO,1,1,HERIDOS,0,0,ATROPELLO
10/16/2022 12:00:00 AM,A001456857,CARRERA 14 CALLE 17 -  SAN CRISTOBAL,SAN CRISTOBAL,1,2,MUERTOS,1,1,ATROPELLO
44905,A001456354,CALLE 12 CARRERA  38 INDEPEN II ETAPA  INDEPENDENCIA,INDEPENDENCIA,2,1,HERIDOS,0,0,CHOQUE
10/16/2022 12:00:00 AM,A001456856,CARRERA 31 CALLE  16C -  SIN INFORMACI√ìN DEL BARRIO,SIN INFORMACI√ìN DEL BARRIO,2,2,HERIDOS,0,0,CHOQUE
10/14/2022 12:00:00 AM,A001456855,CALLE 12 CARRERA 25 -  DORADO,DORADO,2,2,HERIDOS,0,0,CHOQUE
10/19/2022 12:00:00 AM,A001456858,CARRERA 41 AVENIDA 23 PLAZA CENTENARIA  SIN INFORMACI√ìN DEL BARRIO,SIN INFORMACI√ìN DEL BARRIO,1,1,MUERTOS,1,1,OTRO
10/21/2022 12:00:00 AM,A001456859,CALLE 15 CARRERA  15-48 -  CENTRO,CENTRO,2,1,HERIDOS,0,0,CHOQUE
10/25/2022 12:00:00 AM,A001456860,AVENIDA 23 CALLE 29B -  ASOCIACI√ìN DE AMIGOS,ASOCIACI√ìN DE AMIGOS,2,1,HERIDOS,0,0,CHOQUE
10/27/2022 12:00:00 AM,A001456861,CARRERA  19 CALLE 18 FRENTE ALA VILLA OLIMPICA,SIN INFORMACI√ìN DEL BARRIO,1,1,HERIDOS,0,0,ATROPELLO
44814,C-001479207,KILOMETRO 44+500 MTS   -  V√çA GRANADA-VILLAVICENCIO,V√çA GRANADA-VILLAVICENCIO,2,2,HERIDOS,0,0,CHOQUE
44814,C- 001479206,KILOMETRO 44+350 MTS   OROTOY  V√çA GRANADA-VILLAVICENCIO,V√çA GRANADA-VILLAVICENCIO,2,1,HERIDOS,0,0,CHOQUE
10/16/2022 12:00:00 AM,C - 001482371,KILOMETRO 47+400 MTS   VEREDA CENTRO  V√çA GRANADA-VILLAVICENCIO,V√çA GRANADA-VILLAVICENCIO,2,2,HERIDOS,0,0,CHOQUE
44753,A001456863,CALLE 11 # 33-12  -  SAMAN,SAMAN,2,2,MUERTOS,1,1,CHOQUE
44572,A001456862,KILOMETRO 1+500 MTS   ACACIAS CHICHIMENE   ESMERALDA,No registra,1,3,HERIDOS,0,0,CHOQUE
44784,A001456864,CALLE 14 CARRERA 12 -  JUAN MELLAO,JUAN MELLAO,2,2,HERIDOS,0,0,CHOQUE
44815,A001456865,CALLE 13 CARRERA  27 -  SIN INFORMACI√ìN DEL BARRIO,SIN INFORMACI√ìN DEL BARRIO,2,2,HERIDOS,0,0,CHOQUE
11/15/2022 12:00:00 AM,A001456866,CARRERA 22 CALLE  18 -  MANCERA,MANCERA,2,1,HERIDOS,0,0,CHOQUE
11/17/2022 12:00:00 AM,A001456867,CARRERA 36 CALLE  11 -  INDEPENDENCIA,INDEPENDENCIA,2,1,HERIDOS,0,0,CHOQUE
11/19/2022 12:00:00 AM,A001456868,AVENIDA 23 # 21B-30B -  GUARATARA II,GUARATARA II,2,1,HERIDOS,0,0,CHOQUE
11/19/2022 12:00:00 AM,A001456869,CARRERA 31 CALLES 16C 16D  BACHUE,BACHUE,1,1,HERIDOS,0,0,ATROPELLO
11/23/2022 12:00:00 AM,A001456871,CALLE 16 CARRERA  29 B/BOSQUE  EL BOSQUE,EL BOSQUE,2,1,HERIDOS,0,0,CHOQUE
11/22/2022 12:00:00 AM,A001456870,CARRERA 39 CALLE 11 -  INDEPENDENCIA,INDEPENDENCIA,2,1,HERIDOS,0,0,CHOQUE
11/24/2022 12:00:00 AM,A001456872,CALLE 14 # 25 - 44  -  SIN INFORMACI√ìN DEL BARRIO,SIN INFORMACI√ìN DEL BARRIO,2,2,HERIDOS,0,0,CHOQUE
11/26/2022 12:00:00 AM,A001456873,CALLE 18 CARRERA 48 -  SIN INFORMACI√ìN DEL BARRIO,SIN INFORMACI√ìN DEL BARRIO,2,1,HERIDOS,0,0,CHOQUE
11/26/2022 12:00:00 AM,A001456874,DIAGONAL 15 # 30-15 VILLA DEL SOL,No registra,2,2,HERIDOS,0,0,CHOQUE
11/30/2022 12:00:00 AM,A001456875,CARRERA 18 # 13-85 -  CENTRO,CENTRO,1,1,HERIDOS,0,0,ATROPELLO
11/25/2022 12:00:00 AM,C-001482395,KILOMETRO 45+000 MTS   -  V√çA GRANADA-VILLAVICENCIO,V√çA GRANADA-VILLAVICENCIO,2,1,HERIDOS,0,0,CHOQUE
44604,A001456876,CARRERA 31 CALLE  16F -  SIN INFORMACI√ìN DEL BARRIO,SIN INFORMACI√ìN DEL BARRIO,2,1,HERIDOS,0,0,CHOQUE
44693,A001456877,AVENIDA 23 CALLE  18 -  SIN INFORMACI√ìN DEL BARRIO,SIN INFORMACI√ìN DEL BARRIO,1,2,HERIDOS,0,0,ATROPELLO
44846,A001456878,CALLE 18 CRA 19 -  MANCERA,MANCERA,2,1,HERIDOS,0,0,CHOQUE
44877,A001456879,CALLE 11 CARRERA  35A -  INDEPENDENCIA,INDEPENDENCIA,2,2,HERIDOS,0,0,CHOQUE
12/18/2022 12:00:00 AM,A001456881,CALLE 14 CARRERA  23 -  SIN INFORMACI√ìN DEL BARRIO,SIN INFORMACI√ìN DEL BARRIO,2,1,HERIDOS,0,0,CHOQUE
12/17/2022 12:00:00 AM,A001456880,CALLE 18 CARRERA  14 -  SAN CRISTOBAL,SAN CRISTOBAL,2,1,HERIDOS,0,0,CHOQUE
12/29/2022 12:00:00 AM,A001456883,CALLE 11 CARRERA  24 -  DORADO,DORADO,2,1,HERIDOS,0,0,CHOQUE
12/28/2022 12:00:00 AM,A001456882,CARRERA 31 N  14-110 VILLA DEL SOL,No registra,1,1,HERIDOS,0,0,CHOQUE
12/27/2022 12:00:00 AM,C-001482414,KILOMETRO 46+650 MTS   -  V√çA GRANADA-VILLAVICENCIO,V√çA GRANADA-VILLAVICENCIO,2,1,HERIDOS,0,0,CHOQUE
